field,display_name,browse_link,external_link
title,Title,
creator,Creator,
contributor, Contributor,true,,DCTERMS.contributor,keywords
date,Date Created,
description,Description,
subject,Subjects,true,,DCTERMS.subject,keywords
transcription,Transcription
ingredients,Ingredients,
depiction,Depiction
season,Season
colors,Colors,
item_information,Information
location,Location
latitude,Latitude
longitude,Longitude
source,Source
identifier,Source Identifier,,
type,Type,true,,DCTERMS.type,keywords
format,Format,
filename,Filename
rights,Rights,
rightsstatement,Rights Statement,,true
